ID,Name,Type 1,Type 2,HP,Attack,Defense,Sp. Atk,Sp. Def,Speed,Generation,Legendary,Win_Qty,Total_Fights,Win_Percentage,count
1,Bulbasaur,Grass,Poison,45,49,49,65,65,45,1,False,37.0,133.0,0.2781954887218045,1
2,Ivysaur,Grass,Poison,60,62,63,80,80,60,1,False,46.0,121.0,0.38016528925619836,1
3,Venusaur,Grass,Poison,80,82,83,100,100,80,1,False,89.0,132.0,0.6742424242424242,1
4,Mega Venusaur,Grass,Poison,80,100,123,122,120,80,1,False,70.0,125.0,0.56,1
5,Charmander,Fire,,39,52,43,60,50,65,1,False,55.0,112.0,0.49107142857142855,1
6,Charmeleon,Fire,,58,64,58,80,65,80,1,False,64.0,118.0,0.5423728813559322,1
7,Charizard,Fire,Flying,78,84,78,109,85,100,1,False,115.0,133.0,0.8646616541353384,1
8,Mega Charizard X,Fire,Dragon,78,130,111,130,85,100,1,False,119.0,139.0,0.8561151079136691,1
9,Mega Charizard Y,Fire,Flying,78,104,78,159,115,100,1,False,114.0,135.0,0.8444444444444444,1
10,Squirtle,Water,,44,48,65,50,64,43,1,False,19.0,117.0,0.1623931623931624,1
11,Wartortle,Water,,59,63,80,65,80,58,1,False,59.0,141.0,0.41843971631205673,1
12,Blastoise,Water,,79,83,100,85,105,78,1,False,,,,1
13,Mega Blastoise,Water,,79,103,120,135,115,78,1,False,83.0,144.0,0.5763888888888888,1
14,Caterpie,Bug,,45,30,35,20,20,45,1,False,17.0,115.0,0.14782608695652175,1
15,Metapod,Bug,,50,20,55,25,25,30,1,False,13.0,133.0,0.09774436090225563,1
16,Butterfree,Bug,Flying,60,45,50,90,80,70,1,False,75.0,120.0,0.625,1
17,Weedle,Bug,Poison,40,35,30,20,20,50,1,False,26.0,111.0,0.23423423423423423,1
18,Kakuna,Bug,Poison,45,25,50,25,25,35,1,False,17.0,130.0,0.13076923076923078,1
19,Beedrill,Bug,Poison,65,90,40,45,80,75,1,False,80.0,128.0,0.625,1
20,Mega Beedrill,Bug,Poison,65,150,40,15,80,145,1,False,115.0,119.0,0.9663865546218487,1
21,Pidgey,Normal,Flying,40,45,40,35,35,56,1,False,47.0,126.0,0.373015873015873,1
22,Pidgeotto,Normal,Flying,63,60,55,50,50,71,1,False,64.0,121.0,0.5289256198347108,1
23,Pidgeot,Normal,Flying,83,80,75,70,70,101,1,False,112.0,130.0,0.8615384615384616,1
24,Mega Pidgeot,Normal,Flying,83,80,80,135,80,121,1,False,119.0,126.0,0.9444444444444444,1
25,Rattata,Normal,,30,56,35,25,35,72,1,False,65.0,135.0,0.48148148148148145,1
26,Raticate,Normal,,55,81,60,50,70,97,1,False,101.0,140.0,0.7214285714285714,1
27,Spearow,Normal,Flying,40,60,30,31,31,70,1,False,62.0,138.0,0.4492753623188406,1
28,Fearow,Normal,Flying,65,90,65,61,61,100,1,False,103.0,123.0,0.8373983739837398,1
29,Ekans,Poison,,35,60,44,40,54,55,1,False,48.0,131.0,0.366412213740458,1
30,Arbok,Poison,,60,85,69,65,79,80,1,False,72.0,125.0,0.576,1
31,Pikachu,Electric,,35,55,40,50,50,90,1,False,93.0,136.0,0.6838235294117647,1
32,Raichu,Electric,,60,90,55,90,80,110,1,False,105.0,121.0,0.8677685950413223,1
33,Sandshrew,Ground,,50,75,85,20,30,40,1,False,,,,1
34,Sandslash,Ground,,75,100,110,45,55,65,1,False,56.0,105.0,0.5333333333333333,1
35,Nidoran♀,Poison,,55,47,52,40,40,41,1,False,20.0,119.0,0.16806722689075632,1
36,Nidorina,Poison,,70,62,67,55,55,56,1,False,57.0,148.0,0.38513513513513514,1
37,Nidoqueen,Poison,Ground,90,92,87,75,85,76,1,False,66.0,122.0,0.5409836065573771,1
38,Nidoran♂,Poison,,46,57,40,40,40,50,1,False,34.0,136.0,0.25,1
39,Nidorino,Poison,,61,72,57,55,55,65,1,False,51.0,128.0,0.3984375,1
40,Nidoking,Poison,Ground,81,102,77,85,75,85,1,False,79.0,140.0,0.5642857142857143,1
41,Clefairy,Fairy,,70,45,48,60,65,35,1,False,20.0,127.0,0.15748031496062992,1
42,Clefable,Fairy,,95,70,73,95,90,60,1,False,49.0,123.0,0.3983739837398374,1
43,Vulpix,Fire,,38,41,40,50,65,65,1,False,53.0,129.0,0.4108527131782946,1
44,Ninetales,Fire,,73,76,75,81,100,100,1,False,103.0,127.0,0.8110236220472441,1
45,Jigglypuff,Normal,Fairy,115,45,20,45,25,20,1,False,15.0,130.0,0.11538461538461539,1
46,Wigglytuff,Normal,Fairy,140,70,45,85,50,45,1,False,,,,1
47,Zubat,Poison,Flying,40,45,35,30,40,55,1,False,55.0,145.0,0.3793103448275862,1
48,Golbat,Poison,Flying,75,80,70,65,75,90,1,False,97.0,128.0,0.7578125,1
49,Oddish,Grass,Poison,45,50,55,75,65,30,1,False,9.0,143.0,0.06293706293706294,1
50,Gloom,Grass,Poison,60,65,70,85,75,40,1,False,28.0,129.0,0.21705426356589147,1
51,Vileplume,Grass,Poison,75,80,85,110,90,50,1,False,44.0,124.0,0.3548387096774194,1
52,Paras,Bug,Grass,35,70,55,45,55,25,1,False,13.0,138.0,0.09420289855072464,1
53,Parasect,Bug,Grass,60,95,80,60,80,30,1,False,30.0,154.0,0.19480519480519481,1
54,Venonat,Bug,Poison,60,55,50,40,55,45,1,False,32.0,143.0,0.22377622377622378,1
55,Venomoth,Bug,Poison,70,65,60,90,75,90,1,False,92.0,140.0,0.6571428571428571,1
56,Diglett,Ground,,10,55,25,35,45,95,1,False,68.0,126.0,0.5396825396825397,1
57,Dugtrio,Ground,,35,80,50,50,70,120,1,False,108.0,128.0,0.84375,1
58,Meowth,Normal,,40,45,35,40,40,90,1,False,91.0,140.0,0.65,1
59,Persian,Normal,,65,70,60,65,65,115,1,False,103.0,120.0,0.8583333333333333,1
60,Psyduck,Water,,50,52,48,65,50,55,1,False,47.0,142.0,0.33098591549295775,1
61,Golduck,Water,,80,82,78,95,80,85,1,False,79.0,115.0,0.6869565217391305,1
62,Mankey,Fighting,,40,80,35,35,45,70,1,False,55.0,118.0,0.4661016949152542,1
63,Primeape,Fighting,,65,105,60,60,70,95,1,False,85.0,108.0,0.7870370370370371,1
64,Growlithe,Fire,,55,70,45,70,50,60,1,False,54.0,120.0,0.45,1
65,Arcanine,Fire,,90,110,80,100,80,95,1,False,91.0,114.0,0.7982456140350878,1
66,Poliwag,Water,,40,50,40,40,40,90,1,False,,,,1
67,Poliwhirl,Water,,65,65,65,50,50,90,1,False,90.0,125.0,0.72,1
68,Poliwrath,Water,Fighting,90,95,95,70,90,70,1,False,68.0,130.0,0.5230769230769231,1
69,Abra,Psychic,,25,20,15,105,55,90,1,False,35.0,108.0,0.32407407407407407,1
70,Kadabra,Psychic,,40,35,30,120,70,105,1,False,87.0,130.0,0.6692307692307692,1
71,Alakazam,Psychic,,55,50,45,135,95,120,1,False,108.0,140.0,0.7714285714285715,1
72,Mega Alakazam,Psychic,,55,50,65,175,95,150,1,False,86.0,110.0,0.7818181818181819,1
73,Machop,Fighting,,70,80,50,35,35,35,1,False,21.0,150.0,0.14,1
74,Machoke,Fighting,,80,100,70,50,60,45,1,False,32.0,124.0,0.25806451612903225,1
75,Machamp,Fighting,,90,130,80,65,85,55,1,False,51.0,116.0,0.4396551724137931,1
76,Bellsprout,Grass,Poison,50,75,35,70,30,40,1,False,23.0,108.0,0.21296296296296297,1
77,Weepinbell,Grass,Poison,65,90,50,85,45,55,1,False,45.0,121.0,0.371900826446281,1
78,Victreebel,Grass,Poison,80,105,65,100,70,70,1,False,,,,1
79,Tentacool,Water,Poison,40,40,35,50,100,70,1,False,79.0,157.0,0.5031847133757962,1
80,Tentacruel,Water,Poison,80,70,65,80,120,100,1,False,94.0,117.0,0.8034188034188035,1
81,Geodude,Rock,Ground,40,80,100,30,30,20,1,False,16.0,135.0,0.11851851851851852,1
82,Graveler,Rock,Ground,55,95,115,45,45,35,1,False,29.0,137.0,0.2116788321167883,1
83,Golem,Rock,Ground,80,120,130,55,65,45,1,False,50.0,135.0,0.37037037037037035,1
84,Ponyta,Fire,,50,85,55,65,65,90,1,False,86.0,115.0,0.7478260869565218,1
85,Rapidash,Fire,,65,100,70,80,80,105,1,False,91.0,105.0,0.8666666666666667,1
86,Slowpoke,Water,Psychic,90,65,65,40,40,15,1,False,24.0,122.0,0.19672131147540983,1
87,Slowbro,Water,Psychic,95,75,110,100,80,30,1,False,20.0,131.0,0.15267175572519084,1
88,Mega Slowbro,Water,Psychic,95,75,180,130,80,30,1,False,16.0,116.0,0.13793103448275862,1
89,Magnemite,Electric,Steel,25,35,70,95,55,45,1,False,24.0,143.0,0.16783216783216784,1
90,Magneton,Electric,Steel,50,60,95,120,70,70,1,False,,,,1
91,Farfetch'd,Normal,Flying,52,65,55,58,62,60,1,False,52.0,116.0,0.4482758620689655,1
92,Doduo,Normal,Flying,35,85,45,35,35,75,1,False,87.0,134.0,0.6492537313432836,1
93,Dodrio,Normal,Flying,60,110,70,60,60,100,1,False,121.0,143.0,0.8461538461538461,1
94,Seel,Water,,65,45,55,45,70,45,1,False,29.0,119.0,0.24369747899159663,1
95,Dewgong,Water,Ice,90,70,80,70,95,70,1,False,68.0,131.0,0.5190839694656488,1
96,Grimer,Poison,,80,80,50,40,50,25,1,False,25.0,142.0,0.176056338028169,1
97,Muk,Poison,,105,105,75,65,100,50,1,False,50.0,133.0,0.37593984962406013,1
98,Shellder,Water,,30,65,100,45,25,40,1,False,21.0,111.0,0.1891891891891892,1
99,Cloyster,Water,Ice,50,95,180,85,45,70,1,False,71.0,134.0,0.5298507462686567,1
100,Gastly,Ghost,Poison,30,35,30,100,35,80,1,False,61.0,128.0,0.4765625,1
101,Haunter,Ghost,Poison,45,50,45,115,55,95,1,False,77.0,111.0,0.6936936936936937,1
102,Gengar,Ghost,Poison,60,65,60,130,75,110,1,False,88.0,114.0,0.7719298245614035,1
103,Mega Gengar,Ghost,Poison,60,65,80,170,95,130,1,False,113.0,131.0,0.8625954198473282,1
104,Onix,Rock,Ground,35,45,160,30,45,70,1,False,65.0,135.0,0.48148148148148145,1
105,Drowzee,Psychic,,60,48,45,43,90,42,1,False,30.0,137.0,0.21897810218978103,1
106,Hypno,Psychic,,85,73,70,73,115,67,1,False,61.0,119.0,0.5126050420168067,1
107,Krabby,Water,,30,105,90,25,25,50,1,False,38.0,137.0,0.2773722627737226,1
108,Kingler,Water,,55,130,115,50,50,75,1,False,67.0,112.0,0.5982142857142857,1
109,Voltorb,Electric,,40,30,50,55,55,100,1,False,66.0,113.0,0.584070796460177,1
110,Electrode,Electric,,60,50,70,80,80,140,1,False,109.0,129.0,0.8449612403100775,1
111,Exeggcute,Grass,Psychic,60,40,80,60,45,40,1,False,32.0,136.0,0.23529411764705882,1
112,Exeggutor,Grass,Psychic,95,95,85,125,65,55,1,False,37.0,95.0,0.3894736842105263,1
113,Cubone,Ground,,50,50,95,40,50,35,1,False,29.0,143.0,0.20279720279720279,1
114,Marowak,Ground,,60,80,110,50,80,45,1,False,34.0,120.0,0.2833333333333333,1
115,Hitmonlee,Fighting,,50,120,53,35,110,87,1,False,82.0,128.0,0.640625,1
116,Hitmonchan,Fighting,,50,105,79,35,110,76,1,False,87.0,140.0,0.6214285714285714,1
117,Lickitung,Normal,,90,55,75,60,75,30,1,False,19.0,136.0,0.13970588235294118,1
118,Koffing,Poison,,40,65,95,60,45,35,1,False,20.0,143.0,0.13986013986013987,1
119,Weezing,Poison,,65,90,120,85,70,60,1,False,56.0,129.0,0.43410852713178294,1
120,Rhyhorn,Ground,Rock,80,85,95,30,30,25,1,False,34.0,119.0,0.2857142857142857,1
121,Rhydon,Ground,Rock,105,130,120,45,45,40,1,False,48.0,108.0,0.4444444444444444,1
122,Chansey,Normal,,250,5,5,35,105,50,1,False,15.0,98.0,0.15306122448979592,1
123,Tangela,Grass,,65,55,115,100,40,60,1,False,49.0,129.0,0.3798449612403101,1
124,Kangaskhan,Normal,,105,95,80,40,80,90,1,False,95.0,126.0,0.753968253968254,1
125,Mega Kangaskhan,Normal,,105,125,100,60,100,100,1,False,107.0,128.0,0.8359375,1
126,Horsea,Water,,30,40,70,70,25,60,1,False,55.0,133.0,0.41353383458646614,1
127,Seadra,Water,,55,65,95,95,45,85,1,False,78.0,118.0,0.6610169491525424,1
128,Goldeen,Water,,45,67,60,35,50,63,1,False,60.0,117.0,0.5128205128205128,1
129,Seaking,Water,,80,92,65,65,80,68,1,False,55.0,114.0,0.4824561403508772,1
130,Staryu,Water,,30,45,55,70,55,85,1,False,80.0,142.0,0.5633802816901409,1
131,Starmie,Water,Psychic,60,75,85,100,85,115,1,False,116.0,129.0,0.8992248062015504,1
132,Mr. Mime,Psychic,Fairy,40,45,65,100,120,90,1,False,76.0,136.0,0.5588235294117647,1
133,Scyther,Bug,Flying,70,110,80,55,80,105,1,False,124.0,141.0,0.8794326241134752,1
134,Jynx,Ice,Psychic,65,50,35,115,95,95,1,False,99.0,135.0,0.7333333333333333,1
135,Electabuzz,Electric,,65,83,57,95,85,105,1,False,115.0,129.0,0.8914728682170543,1
136,Magmar,Fire,,65,95,57,100,85,93,1,False,96.0,129.0,0.7441860465116279,1
137,Pinsir,Bug,,65,125,100,55,70,85,1,False,81.0,124.0,0.6532258064516129,1
138,Mega Pinsir,Bug,Flying,65,155,120,65,90,105,1,False,105.0,121.0,0.8677685950413223,1
139,Tauros,Normal,,75,100,95,40,70,110,1,False,102.0,117.0,0.8717948717948718,1
140,Magikarp,Water,,20,10,55,15,20,80,1,False,25.0,139.0,0.17985611510791366,1
141,Gyarados,Water,Flying,95,125,79,60,100,81,1,False,82.0,133.0,0.6165413533834586,1
142,Mega Gyarados,Water,Dark,95,155,109,70,130,81,1,False,93.0,137.0,0.6788321167883211,1
143,Lapras,Water,Ice,130,85,80,85,95,60,1,False,61.0,139.0,0.43884892086330934,1
144,Ditto,Normal,,48,48,48,48,48,48,1,False,,,,1
145,Eevee,Normal,,55,55,50,45,65,55,1,False,37.0,99.0,0.37373737373737376,1
146,Vaporeon,Water,,130,65,60,110,95,65,1,False,69.0,132.0,0.5227272727272727,1
147,Jolteon,Electric,,65,65,60,110,95,130,1,False,124.0,134.0,0.9253731343283582,1
148,Flareon,Fire,,65,130,60,95,110,65,1,False,70.0,132.0,0.5303030303030303,1
149,Porygon,Normal,,65,60,70,85,75,40,1,False,23.0,128.0,0.1796875,1
150,Omanyte,Rock,Water,35,40,100,90,55,35,1,False,23.0,128.0,0.1796875,1
151,Omastar,Rock,Water,70,60,125,115,70,55,1,False,49.0,138.0,0.35507246376811596,1
152,Kabuto,Rock,Water,30,80,90,55,45,55,1,False,61.0,142.0,0.4295774647887324,1
153,Kabutops,Rock,Water,60,115,105,65,70,80,1,False,79.0,110.0,0.7181818181818181,1
154,Aerodactyl,Rock,Flying,80,105,65,60,75,130,1,False,136.0,141.0,0.9645390070921985,1
155,Mega Aerodactyl,Rock,Flying,80,135,85,70,95,150,1,False,127.0,129.0,0.9844961240310077,1
156,Snorlax,Normal,,160,110,65,65,110,30,1,False,40.0,112.0,0.35714285714285715,1
157,Articuno,Ice,Flying,90,85,100,95,125,85,1,True,95.0,139.0,0.6834532374100719,1
158,Zapdos,Electric,Flying,90,90,85,125,90,100,1,True,93.0,121.0,0.768595041322314,1
159,Moltres,Fire,Flying,90,100,90,125,85,90,1,True,100.0,136.0,0.7352941176470589,1
160,Dratini,Dragon,,41,64,45,50,50,50,1,False,43.0,117.0,0.36752136752136755,1
161,Dragonair,Dragon,,61,84,65,70,70,70,1,False,58.0,116.0,0.5,1
162,Dragonite,Dragon,Flying,91,134,95,100,100,80,1,False,87.0,138.0,0.6304347826086957,1
163,Mewtwo,Psychic,,106,110,90,154,90,130,1,True,152.0,164.0,0.926829268292683,1
164,Mega Mewtwo X,Psychic,Fighting,106,190,100,154,100,130,1,True,125.0,135.0,0.9259259259259259,1
165,Mega Mewtwo Y,Psychic,,106,150,70,194,120,140,1,True,119.0,125.0,0.952,1
166,Mew,Psychic,,100,100,100,100,100,100,1,False,94.0,113.0,0.831858407079646,1
167,Chikorita,Grass,,45,49,65,49,65,45,2,False,33.0,120.0,0.275,1
168,Bayleef,Grass,,60,62,80,63,80,60,2,False,49.0,113.0,0.4336283185840708,1
169,Meganium,Grass,,80,82,100,83,100,80,2,False,88.0,129.0,0.6821705426356589,1
170,Cyndaquil,Fire,,39,52,43,60,50,65,2,False,61.0,121.0,0.5041322314049587,1
171,Quilava,Fire,,58,64,58,80,65,80,2,False,92.0,151.0,0.609271523178808,1
172,Typhlosion,Fire,,78,84,78,109,85,100,2,False,100.0,116.0,0.8620689655172413,1
173,Totodile,Water,,50,65,64,44,48,43,2,False,29.0,132.0,0.2196969696969697,1
174,Croconaw,Water,,65,80,80,59,63,58,2,False,60.0,136.0,0.4411764705882353,1
175,Feraligatr,Water,,85,105,100,79,83,78,2,False,81.0,138.0,0.5869565217391305,1
176,Sentret,Normal,,35,46,34,35,45,20,2,False,9.0,125.0,0.072,1
177,Furret,Normal,,85,76,64,45,55,90,2,False,93.0,138.0,0.6739130434782609,1
178,Hoothoot,Normal,Flying,60,30,30,36,56,50,2,False,36.0,111.0,0.32432432432432434,1
179,Noctowl,Normal,Flying,100,50,50,76,96,70,2,False,68.0,136.0,0.5,1
180,Ledyba,Bug,Flying,40,20,30,40,80,55,2,False,28.0,123.0,0.22764227642276422,1
181,Ledian,Bug,Flying,55,35,50,55,110,85,2,False,86.0,137.0,0.6277372262773723,1
182,Spinarak,Bug,Poison,40,60,40,40,40,30,2,False,13.0,137.0,0.0948905109489051,1
183,Ariados,Bug,Poison,70,90,70,60,60,40,2,False,,,,1
184,Crobat,Poison,Flying,85,90,80,70,80,130,2,False,113.0,122.0,0.9262295081967213,1
185,Chinchou,Water,Electric,75,38,38,56,56,67,2,False,60.0,114.0,0.5263157894736842,1
186,Lanturn,Water,Electric,125,58,58,76,76,67,2,False,66.0,128.0,0.515625,1
187,Pichu,Electric,,20,40,15,35,35,60,2,False,36.0,105.0,0.34285714285714286,1
188,Cleffa,Fairy,,50,25,28,45,55,15,2,False,7.0,112.0,0.0625,1
189,Igglybuff,Normal,Fairy,90,30,15,40,20,15,2,False,5.0,115.0,0.043478260869565216,1
190,Togepi,Fairy,,35,20,65,40,65,20,2,False,3.0,122.0,0.02459016393442623,1
191,Togetic,Fairy,Flying,55,40,85,80,105,40,2,False,30.0,127.0,0.23622047244094488,1
192,Natu,Psychic,Flying,40,50,45,70,45,70,2,False,64.0,116.0,0.5517241379310345,1
193,Xatu,Psychic,Flying,65,75,70,95,70,95,2,False,88.0,121.0,0.7272727272727273,1
194,Mareep,Electric,,55,40,40,65,45,35,2,False,23.0,140.0,0.16428571428571428,1
195,Flaaffy,Electric,,70,55,55,80,60,45,2,False,24.0,108.0,0.2222222222222222,1
196,Ampharos,Electric,,90,75,85,115,90,55,2,False,41.0,119.0,0.3445378151260504,1
197,Mega Ampharos,Electric,Dragon,90,95,105,165,110,45,2,False,37.0,128.0,0.2890625,1
198,Bellossom,Grass,,75,80,95,90,100,50,2,False,30.0,139.0,0.2158273381294964,1
199,Marill,Water,Fairy,70,20,50,20,50,40,2,False,19.0,122.0,0.1557377049180328,1
200,Azumarill,Water,Fairy,100,50,80,60,80,50,2,False,44.0,128.0,0.34375,1
201,Sudowoodo,Rock,,70,100,115,30,65,30,2,False,30.0,123.0,0.24390243902439024,1
202,Politoed,Water,,90,75,75,90,100,70,2,False,65.0,119.0,0.5462184873949579,1
203,Hoppip,Grass,Flying,35,35,40,35,55,50,2,False,48.0,119.0,0.40336134453781514,1
204,Skiploom,Grass,Flying,55,45,50,45,65,80,2,False,66.0,119.0,0.5546218487394958,1
205,Jumpluff,Grass,Flying,75,55,70,55,95,110,2,False,114.0,135.0,0.8444444444444444,1
206,Aipom,Normal,,55,70,55,40,55,85,2,False,87.0,123.0,0.7073170731707317,1
207,Sunkern,Grass,,30,30,30,30,30,30,2,False,14.0,111.0,0.12612612612612611,1
208,Sunflora,Grass,,75,75,55,105,85,30,2,False,23.0,142.0,0.1619718309859155,1
209,Yanma,Bug,Flying,65,65,45,75,45,95,2,False,90.0,125.0,0.72,1
210,Wooper,Water,Ground,55,45,45,25,25,15,2,False,6.0,125.0,0.048,1
211,Quagsire,Water,Ground,95,85,85,65,65,35,2,False,36.0,140.0,0.2571428571428571,1
212,Espeon,Psychic,,65,65,60,130,95,110,2,False,117.0,142.0,0.823943661971831,1
213,Umbreon,Dark,,95,65,110,60,130,65,2,False,67.0,127.0,0.5275590551181102,1
214,Murkrow,Dark,Flying,60,85,42,85,42,91,2,False,130.0,158.0,0.8227848101265823,1
215,Slowking,Water,Psychic,95,75,80,100,110,30,2,False,32.0,132.0,0.24242424242424243,1
216,Misdreavus,Ghost,,60,60,60,85,85,85,2,False,84.0,133.0,0.631578947368421,1
217,Unown,Psychic,,48,72,48,72,48,48,2,False,33.0,127.0,0.25984251968503935,1
218,Wobbuffet,Psychic,,190,33,58,33,58,33,2,False,18.0,134.0,0.13432835820895522,1
219,Girafarig,Normal,Psychic,70,80,65,90,65,85,2,False,74.0,128.0,0.578125,1
220,Pineco,Bug,,50,65,90,35,35,15,2,False,16.0,109.0,0.14678899082568808,1
221,Forretress,Bug,Steel,75,90,140,60,60,40,2,False,37.0,123.0,0.3008130081300813,1
222,Dunsparce,Normal,,100,70,70,65,65,45,2,False,26.0,137.0,0.1897810218978102,1
223,Gligar,Ground,Flying,65,75,105,35,65,85,2,False,93.0,134.0,0.6940298507462687,1
224,Steelix,Steel,Ground,75,85,200,55,65,30,2,False,25.0,149.0,0.16778523489932887,1
225,Mega Steelix,Steel,Ground,75,125,230,55,95,30,2,False,50.0,145.0,0.3448275862068966,1
226,Snubbull,Fairy,,60,80,50,40,40,30,2,False,21.0,137.0,0.15328467153284672,1
227,Granbull,Fairy,,90,120,75,60,60,45,2,False,35.0,119.0,0.29411764705882354,1
228,Qwilfish,Water,Poison,65,95,75,55,55,85,2,False,104.0,150.0,0.6933333333333334,1
229,Scizor,Bug,Steel,70,130,100,55,80,65,2,False,76.0,125.0,0.608,1
230,Mega Scizor,Bug,Steel,70,150,140,65,100,75,2,False,77.0,140.0,0.55,1
231,Shuckle,Bug,Rock,20,10,230,10,230,5,2,False,,,,1
232,Heracross,Bug,Fighting,80,125,75,40,95,85,2,False,94.0,136.0,0.6911764705882353,1
233,Mega Heracross,Bug,Fighting,80,185,115,40,105,75,2,False,81.0,130.0,0.6230769230769231,1
234,Sneasel,Dark,Ice,55,95,55,35,75,115,2,False,106.0,113.0,0.9380530973451328,1
235,Teddiursa,Normal,,60,80,50,50,50,40,2,False,26.0,109.0,0.23853211009174313,1
236,Ursaring,Normal,,90,130,75,75,75,55,2,False,,,,1
237,Slugma,Fire,,40,40,40,70,40,20,2,False,4.0,123.0,0.032520325203252036,1
238,Magcargo,Fire,Rock,50,50,120,80,80,30,2,False,9.0,124.0,0.07258064516129033,1
239,Swinub,Ice,Ground,50,50,40,30,30,50,2,False,37.0,133.0,0.2781954887218045,1
240,Piloswine,Ice,Ground,100,100,80,60,60,50,2,False,36.0,118.0,0.3050847457627119,1
241,Corsola,Water,Rock,55,55,85,65,85,35,2,False,28.0,139.0,0.2014388489208633,1
242,Remoraid,Water,,35,65,35,65,35,65,2,False,69.0,148.0,0.46621621621621623,1
243,Octillery,Water,,75,105,75,105,75,45,2,False,37.0,113.0,0.3274336283185841,1
244,Delibird,Ice,Flying,45,55,45,65,45,75,2,False,74.0,130.0,0.5692307692307692,1
245,Mantine,Water,Flying,65,40,70,80,140,70,2,False,78.0,131.0,0.5954198473282443,1
246,Skarmory,Steel,Flying,65,80,140,40,70,70,2,False,70.0,134.0,0.5223880597014925,1
247,Houndour,Dark,Fire,45,60,30,80,50,65,2,False,58.0,126.0,0.4603174603174603,1
248,Houndoom,Dark,Fire,75,90,50,110,80,95,2,False,111.0,139.0,0.7985611510791367,1
249,Mega Houndoom,Dark,Fire,75,90,90,140,90,115,2,False,128.0,135.0,0.9481481481481482,1
250,Kingdra,Water,Dragon,75,95,95,95,95,85,2,False,88.0,136.0,0.6470588235294118,1
251,Phanpy,Ground,,90,60,60,40,40,40,2,False,39.0,132.0,0.29545454545454547,1
252,Donphan,Ground,,90,120,120,60,60,50,2,False,48.0,136.0,0.35294117647058826,1
253,Porygon2,Normal,,85,80,90,105,95,60,2,False,53.0,108.0,0.49074074074074076,1
254,Stantler,Normal,,73,95,62,85,65,85,2,False,90.0,135.0,0.6666666666666666,1
255,Smeargle,Normal,,55,20,35,20,45,75,2,False,52.0,138.0,0.37681159420289856,1
256,Tyrogue,Fighting,,35,35,35,35,35,35,2,False,17.0,127.0,0.13385826771653545,1
257,Hitmontop,Fighting,,50,95,95,35,110,70,2,False,72.0,139.0,0.5179856115107914,1
258,Smoochum,Ice,Psychic,45,30,15,85,65,65,2,False,46.0,127.0,0.36220472440944884,1
259,Elekid,Electric,,45,63,37,65,55,95,2,False,116.0,144.0,0.8055555555555556,1
260,Magby,Fire,,45,75,37,70,55,83,2,False,81.0,131.0,0.6183206106870229,1
261,Miltank,Normal,,95,80,105,40,70,100,2,False,103.0,128.0,0.8046875,1
262,Blissey,Normal,,255,10,10,75,135,55,2,False,40.0,128.0,0.3125,1
263,Raikou,Electric,,90,85,75,115,100,115,2,True,91.0,97.0,0.9381443298969072,1
264,Entei,Fire,,115,115,85,90,75,100,2,True,109.0,134.0,0.8134328358208955,1
265,Suicune,Water,,100,75,115,90,115,85,2,True,78.0,121.0,0.6446280991735537,1
266,Larvitar,Rock,Ground,50,64,50,45,50,41,2,False,25.0,110.0,0.22727272727272727,1
267,Pupitar,Rock,Ground,70,84,70,65,70,51,2,False,41.0,139.0,0.2949640287769784,1
268,Tyranitar,Rock,Dark,100,134,110,95,100,61,2,False,56.0,138.0,0.4057971014492754,1
269,Mega Tyranitar,Rock,Dark,100,164,150,95,120,71,2,False,70.0,124.0,0.5645161290322581,1
270,Lugia,Psychic,Flying,106,90,130,90,154,110,2,True,107.0,123.0,0.8699186991869918,1
271,Ho-oh,Fire,Flying,106,130,90,110,154,90,2,True,77.0,107.0,0.719626168224299,1
272,Celebi,Psychic,Grass,100,100,100,100,100,100,2,False,111.0,133.0,0.8345864661654135,1
273,Treecko,Grass,,40,45,35,65,55,70,3,False,52.0,116.0,0.4482758620689655,1
274,Grovyle,Grass,,50,65,45,85,65,95,3,False,76.0,105.0,0.7238095238095238,1
275,Sceptile,Grass,,70,85,65,105,85,120,3,False,113.0,122.0,0.9262295081967213,1
276,Mega Sceptile,Grass,Dragon,70,110,75,145,85,145,3,False,119.0,126.0,0.9444444444444444,1
277,Torchic,Fire,,45,60,40,70,50,45,3,False,39.0,137.0,0.2846715328467153,1
278,Combusken,Fire,Fighting,60,85,60,85,60,55,3,False,54.0,147.0,0.3673469387755102,1
279,Blaziken,Fire,Fighting,80,120,70,110,70,80,3,False,79.0,123.0,0.6422764227642277,1
280,Mega Blaziken,Fire,Fighting,80,160,80,130,80,100,3,False,104.0,123.0,0.8455284552845529,1
281,Mudkip,Water,,50,70,50,50,50,40,3,False,22.0,135.0,0.16296296296296298,1
282,Marshtomp,Water,Ground,70,85,70,60,70,50,3,False,42.0,148.0,0.28378378378378377,1
283,Swampert,Water,Ground,100,110,90,85,90,60,3,False,65.0,136.0,0.47794117647058826,1
284,Mega Swampert,Water,Ground,100,150,110,95,110,70,3,False,77.0,130.0,0.5923076923076923,1
285,Poochyena,Dark,,35,55,35,30,30,35,3,False,27.0,114.0,0.23684210526315788,1
286,Mightyena,Dark,,70,90,70,60,60,70,3,False,85.0,133.0,0.6390977443609023,1
287,Zigzagoon,Normal,,38,30,41,30,41,60,3,False,31.0,107.0,0.2897196261682243,1
288,Linoone,Normal,,78,70,61,50,61,100,3,False,101.0,124.0,0.8145161290322581,1
289,Wurmple,Bug,,45,45,35,20,30,20,3,False,10.0,138.0,0.07246376811594203,1
290,Silcoon,Bug,,50,35,55,25,25,15,3,False,3.0,138.0,0.021739130434782608,1
291,Beautifly,Bug,Flying,60,70,50,100,50,65,3,False,72.0,138.0,0.5217391304347826,1
292,Cascoon,Bug,,50,35,55,25,25,15,3,False,7.0,133.0,0.05263157894736842,1
293,Dustox,Bug,Poison,60,50,70,50,90,65,3,False,55.0,139.0,0.39568345323741005,1
294,Lotad,Water,Grass,40,30,30,40,50,30,3,False,10.0,126.0,0.07936507936507936,1
295,Lombre,Water,Grass,60,50,50,60,70,50,3,False,36.0,127.0,0.28346456692913385,1
296,Ludicolo,Water,Grass,80,70,70,90,100,70,3,False,69.0,123.0,0.5609756097560976,1
297,Seedot,Grass,,40,40,50,30,30,30,3,False,11.0,126.0,0.0873015873015873,1
298,Nuzleaf,Grass,Dark,70,70,40,60,40,60,3,False,48.0,113.0,0.4247787610619469,1
299,Shiftry,Grass,Dark,90,100,60,90,60,80,3,False,79.0,123.0,0.6422764227642277,1
300,Taillow,Normal,Flying,40,55,30,30,30,85,3,False,86.0,125.0,0.688,1
301,Swellow,Normal,Flying,60,85,60,50,50,125,3,False,110.0,121.0,0.9090909090909091,1
302,Wingull,Water,Flying,40,30,30,55,30,85,3,False,56.0,120.0,0.4666666666666667,1
303,Pelipper,Water,Flying,60,50,100,85,70,65,3,False,59.0,124.0,0.47580645161290325,1
304,Ralts,Psychic,Fairy,28,25,25,45,35,40,3,False,23.0,143.0,0.16083916083916083,1
305,Kirlia,Psychic,Fairy,38,35,35,65,55,50,3,False,36.0,136.0,0.2647058823529412,1
306,Gardevoir,Psychic,Fairy,68,65,65,125,115,80,3,False,84.0,130.0,0.6461538461538462,1
307,Mega Gardevoir,Psychic,Fairy,68,85,65,165,135,100,3,False,97.0,120.0,0.8083333333333333,1
308,Surskit,Bug,Water,40,30,32,50,52,65,3,False,47.0,128.0,0.3671875,1
309,Masquerain,Bug,Flying,70,60,62,80,82,60,3,False,63.0,144.0,0.4375,1
310,Shroomish,Grass,,60,40,60,40,60,35,3,False,26.0,144.0,0.18055555555555555,1
311,Breloom,Grass,Fighting,60,130,80,60,60,70,3,False,67.0,130.0,0.5153846153846153,1
312,Slakoth,Normal,,60,60,60,35,35,30,3,False,15.0,134.0,0.11194029850746269,1
313,Vigoroth,Normal,,80,80,80,55,55,90,3,False,86.0,134.0,0.6417910447761194,1
314,Slaking,Normal,,150,160,100,95,65,100,3,False,133.0,150.0,0.8866666666666667,1
315,Nincada,Bug,Ground,31,45,90,30,30,40,3,False,25.0,114.0,0.21929824561403508,1
316,Ninjask,Bug,Flying,61,90,45,50,50,160,3,False,108.0,117.0,0.9230769230769231,1
317,Shedinja,Bug,Ghost,1,90,45,30,30,40,3,False,41.0,124.0,0.33064516129032256,1
318,Whismur,Normal,,64,51,23,51,23,28,3,False,15.0,132.0,0.11363636363636363,1
319,Loudred,Normal,,84,71,43,71,43,48,3,False,37.0,143.0,0.25874125874125875,1
320,Exploud,Normal,,104,91,63,91,73,68,3,False,65.0,127.0,0.5118110236220472,1
321,Makuhita,Fighting,,72,60,30,20,30,25,3,False,14.0,121.0,0.11570247933884298,1
322,Hariyama,Fighting,,144,120,60,40,60,50,3,False,,,,1
323,Azurill,Normal,Fairy,50,20,40,20,40,20,3,False,13.0,135.0,0.0962962962962963,1
324,Nosepass,Rock,,30,45,135,45,90,30,3,False,13.0,140.0,0.09285714285714286,1
325,Skitty,Normal,,50,45,45,35,35,50,3,False,32.0,136.0,0.23529411764705882,1
326,Delcatty,Normal,,70,65,65,55,55,70,3,False,58.0,116.0,0.5,1
327,Sableye,Dark,Ghost,50,75,75,65,65,50,3,False,49.0,121.0,0.4049586776859504,1
328,Mega Sableye,Dark,Ghost,50,85,125,85,115,20,3,False,59.0,137.0,0.4306569343065693,1
329,Mawile,Steel,Fairy,50,85,85,55,55,50,3,False,48.0,123.0,0.3902439024390244,1
330,Mega Mawile,Steel,Fairy,50,105,125,55,95,50,3,False,53.0,141.0,0.375886524822695,1
331,Aron,Steel,Rock,50,70,100,40,40,30,3,False,28.0,126.0,0.2222222222222222,1
332,Lairon,Steel,Rock,60,90,140,50,50,40,3,False,36.0,142.0,0.2535211267605634,1
333,Aggron,Steel,Rock,70,110,180,60,60,50,3,False,63.0,153.0,0.4117647058823529,1
334,Mega Aggron,Steel,,70,140,230,60,80,50,3,False,48.0,148.0,0.32432432432432434,1
335,Meditite,Fighting,Psychic,30,40,55,40,55,60,3,False,45.0,139.0,0.3237410071942446,1
336,Medicham,Fighting,Psychic,60,60,75,60,75,80,3,False,82.0,112.0,0.7321428571428571,1
337,Mega Medicham,Fighting,Psychic,60,100,85,80,85,100,3,False,89.0,127.0,0.7007874015748031,1
338,Electrike,Electric,,40,45,40,65,40,65,3,False,77.0,136.0,0.5661764705882353,1
339,Manectric,Electric,,70,75,60,105,60,105,3,False,110.0,125.0,0.88,1
340,Mega Manectric,Electric,,70,75,80,135,80,135,3,False,123.0,134.0,0.917910447761194,1
341,Plusle,Electric,,60,50,40,85,75,95,3,False,92.0,122.0,0.7540983606557377,1
342,Minun,Electric,,60,40,50,75,85,95,3,False,81.0,134.0,0.6044776119402985,1
343,Volbeat,Bug,,65,73,55,47,75,85,3,False,76.0,111.0,0.6846846846846847,1
344,Illumise,Bug,,65,47,55,73,75,85,3,False,104.0,160.0,0.65,1
345,Roselia,Grass,Poison,50,60,45,100,80,65,3,False,53.0,116.0,0.45689655172413796,1
346,Gulpin,Poison,,70,43,53,43,53,40,3,False,21.0,110.0,0.19090909090909092,1
347,Swalot,Poison,,100,73,83,73,83,55,3,False,45.0,121.0,0.371900826446281,1
348,Carvanha,Water,Dark,45,90,20,65,20,65,3,False,66.0,129.0,0.5116279069767442,1
349,Sharpedo,Water,Dark,70,120,40,95,40,95,3,False,107.0,132.0,0.8106060606060606,1
350,Mega Sharpedo,Water,Dark,70,140,70,110,65,105,3,False,114.0,120.0,0.95,1
351,Wailmer,Water,,130,70,35,70,35,60,3,False,45.0,112.0,0.4017857142857143,1
352,Wailord,Water,,170,90,45,90,45,60,3,False,59.0,138.0,0.427536231884058,1
353,Numel,Fire,Ground,60,60,40,65,45,35,3,False,19.0,120.0,0.15833333333333333,1
354,Camerupt,Fire,Ground,70,100,70,105,75,40,3,False,26.0,112.0,0.23214285714285715,1
355,Mega Camerupt,Fire,Ground,70,120,100,145,105,20,3,False,37.0,131.0,0.2824427480916031,1
356,Torkoal,Fire,,70,85,140,85,70,20,3,False,34.0,125.0,0.272,1
357,Spoink,Psychic,,60,25,35,70,80,60,3,False,36.0,117.0,0.3076923076923077,1
358,Grumpig,Psychic,,80,45,65,90,110,80,3,False,59.0,108.0,0.5462962962962963,1
359,Spinda,Normal,,60,60,60,60,60,60,3,False,48.0,126.0,0.38095238095238093,1
360,Trapinch,Ground,,45,100,45,45,45,10,3,False,41.0,139.0,0.2949640287769784,1
361,Vibrava,Ground,Dragon,50,70,50,50,50,70,3,False,70.0,124.0,0.5645161290322581,1
362,Flygon,Ground,Dragon,80,100,80,80,80,100,3,False,105.0,116.0,0.9051724137931034,1
363,Cacnea,Grass,,50,85,40,85,40,35,3,False,22.0,126.0,0.1746031746031746,1
364,Cacturne,Grass,Dark,70,115,60,115,60,55,3,False,66.0,142.0,0.4647887323943662,1
365,Swablu,Normal,Flying,45,40,60,40,75,50,3,False,36.0,123.0,0.2926829268292683,1
366,Altaria,Dragon,Flying,75,70,90,70,105,80,3,False,82.0,125.0,0.656,1
367,Mega Altaria,Dragon,Fairy,75,110,110,110,105,80,3,False,90.0,137.0,0.656934306569343,1
368,Zangoose,Normal,,73,115,60,60,60,90,3,False,79.0,118.0,0.6694915254237288,1
369,Seviper,Poison,,73,100,60,100,60,65,3,False,61.0,143.0,0.42657342657342656,1
370,Lunatone,Rock,Psychic,70,55,65,95,85,70,3,False,69.0,130.0,0.5307692307692308,1
371,Solrock,Rock,Psychic,70,95,85,55,65,70,3,False,54.0,108.0,0.5,1
372,Barboach,Water,Ground,50,48,43,46,41,60,3,False,70.0,148.0,0.47297297297297297,1
373,Whiscash,Water,Ground,110,78,73,76,71,60,3,False,41.0,123.0,0.3333333333333333,1
374,Corphish,Water,,43,80,65,50,35,35,3,False,22.0,155.0,0.14193548387096774,1
375,Crawdaunt,Water,Dark,63,120,85,90,55,55,3,False,34.0,121.0,0.2809917355371901,1
376,Baltoy,Ground,Psychic,40,40,55,40,70,55,3,False,61.0,149.0,0.40939597315436244,1
377,Claydol,Ground,Psychic,60,70,105,70,120,75,3,False,73.0,122.0,0.5983606557377049,1
378,Lileep,Rock,Grass,66,41,77,61,87,23,3,False,15.0,124.0,0.12096774193548387,1
379,Cradily,Rock,Grass,86,81,97,81,107,43,3,False,26.0,128.0,0.203125,1
380,Anorith,Rock,Bug,45,95,50,40,50,75,3,False,81.0,150.0,0.54,1
381,Armaldo,Rock,Bug,75,125,100,70,80,45,3,False,37.0,112.0,0.33035714285714285,1
382,Feebas,Water,,20,15,20,10,55,80,3,False,33.0,123.0,0.2682926829268293,1
383,Milotic,Water,,95,60,79,100,125,81,3,False,80.0,129.0,0.6201550387596899,1
384,Castform,Normal,,70,70,70,70,70,70,3,False,64.0,121.0,0.5289256198347108,1
385,Kecleon,Normal,,60,90,70,60,120,40,3,False,34.0,124.0,0.27419354838709675,1
386,Shuppet,Ghost,,44,75,35,63,33,45,3,False,36.0,136.0,0.2647058823529412,1
387,Banette,Ghost,,64,115,65,83,63,65,3,False,74.0,139.0,0.5323741007194245,1
388,Mega Banette,Ghost,,64,165,75,93,83,75,3,False,83.0,126.0,0.6587301587301587,1
389,Duskull,Ghost,,20,40,90,30,90,25,3,False,15.0,132.0,0.11363636363636363,1
390,Dusclops,Ghost,,40,70,130,60,130,25,3,False,21.0,121.0,0.17355371900826447,1
391,Tropius,Grass,Flying,99,68,83,72,87,51,3,False,56.0,134.0,0.417910447761194,1
392,Chimecho,Psychic,,65,50,70,95,80,65,3,False,52.0,122.0,0.4262295081967213,1
393,Absol,Dark,,65,130,60,75,60,75,3,False,89.0,129.0,0.689922480620155,1
394,Mega Absol,Dark,,65,150,60,115,60,115,3,False,130.0,139.0,0.935251798561151,1
395,Wynaut,Psychic,,95,23,48,23,48,23,3,False,6.0,130.0,0.046153846153846156,1
396,Snorunt,Ice,,50,50,50,50,50,50,3,False,39.0,127.0,0.30708661417322836,1
397,Glalie,Ice,,80,80,80,80,80,80,3,False,80.0,133.0,0.6015037593984962,1
398,Mega Glalie,Ice,,80,120,80,120,80,100,3,False,78.0,92.0,0.8478260869565217,1
399,Spheal,Ice,Water,70,40,50,55,50,25,3,False,8.0,131.0,0.061068702290076333,1
400,Sealeo,Ice,Water,90,60,70,75,70,45,3,False,32.0,134.0,0.23880597014925373,1
401,Walrein,Ice,Water,110,80,90,95,90,65,3,False,75.0,149.0,0.5033557046979866,1
402,Clamperl,Water,,35,64,85,74,55,32,3,False,23.0,116.0,0.19827586206896552,1
403,Huntail,Water,,55,104,105,94,75,52,3,False,48.0,132.0,0.36363636363636365,1
404,Gorebyss,Water,,55,84,105,114,75,52,3,False,37.0,128.0,0.2890625,1
405,Relicanth,Water,Rock,100,90,130,45,65,55,3,False,57.0,134.0,0.4253731343283582,1
406,Luvdisc,Water,,43,30,55,40,65,97,3,False,79.0,131.0,0.6030534351145038,1
407,Bagon,Dragon,,45,75,60,40,30,50,3,False,38.0,125.0,0.304,1
408,Shelgon,Dragon,,65,95,100,60,50,50,3,False,43.0,123.0,0.34959349593495936,1
409,Salamence,Dragon,Flying,95,135,80,110,80,100,3,False,113.0,137.0,0.8248175182481752,1
410,Mega Salamence,Dragon,Flying,95,145,130,120,90,120,3,False,125.0,133.0,0.9398496240601504,1
411,Beldum,Steel,Psychic,40,55,80,35,60,30,3,False,20.0,133.0,0.15037593984962405,1
412,Metang,Steel,Psychic,60,75,100,55,80,50,3,False,42.0,136.0,0.3088235294117647,1
413,Metagross,Steel,Psychic,80,135,130,95,90,70,3,False,57.0,110.0,0.5181818181818182,1
414,Mega Metagross,Steel,Psychic,80,145,150,105,110,110,3,False,113.0,130.0,0.8692307692307693,1
415,Regirock,Rock,,80,100,200,50,100,50,3,True,50.0,144.0,0.3472222222222222,1
416,Regice,Ice,,80,50,100,100,200,50,3,True,33.0,140.0,0.2357142857142857,1
417,Registeel,Steel,,80,75,150,75,150,50,3,True,35.0,113.0,0.30973451327433627,1
418,Latias,Dragon,Psychic,80,80,90,110,130,110,3,True,116.0,133.0,0.8721804511278195,1
419,Mega Latias,Dragon,Psychic,80,100,120,140,150,110,3,True,,,,1
420,Latios,Dragon,Psychic,80,90,80,130,110,110,3,True,107.0,125.0,0.856,1
421,Mega Latios,Dragon,Psychic,80,130,100,160,120,110,3,True,97.0,108.0,0.8981481481481481,1
422,Kyogre,Water,,100,100,90,150,140,90,3,True,92.0,128.0,0.71875,1
423,Primal Kyogre,Water,,100,150,90,180,160,90,3,True,97.0,132.0,0.7348484848484849,1
424,Groudon,Ground,,100,150,140,100,90,90,3,True,106.0,133.0,0.7969924812030075,1
425,Primal Groudon,Ground,Fire,100,180,160,150,90,90,3,True,91.0,121.0,0.7520661157024794,1
426,Rayquaza,Dragon,Flying,105,150,90,150,90,95,3,True,116.0,140.0,0.8285714285714286,1
427,Mega Rayquaza,Dragon,Flying,105,180,100,180,100,115,3,True,127.0,134.0,0.9477611940298507,1
428,Jirachi,Steel,Psychic,100,100,100,100,100,100,3,True,134.0,153.0,0.8758169934640523,1
429,Deoxys Normal Forme,Psychic,,50,150,50,150,50,150,3,True,99.0,106.0,0.9339622641509434,1
430,DeoxysAttack Forme,Psychic,,50,180,20,180,20,150,3,True,121.0,134.0,0.9029850746268657,1
431,Deoxys Defense Forme,Psychic,,50,70,160,70,160,90,3,True,112.0,151.0,0.7417218543046358,1
432,Deoxys Speed Forme,Psychic,,50,95,90,95,90,180,3,True,133.0,145.0,0.9172413793103448,1
433,Turtwig,Grass,,55,68,64,45,55,31,4,False,14.0,120.0,0.11666666666666667,1
434,Grotle,Grass,,75,89,85,55,65,36,4,False,39.0,132.0,0.29545454545454547,1
435,Torterra,Grass,Ground,95,109,105,75,85,56,4,False,39.0,113.0,0.34513274336283184,1
436,Chimchar,Fire,,44,58,44,58,44,61,4,False,47.0,112.0,0.41964285714285715,1
437,Monferno,Fire,Fighting,64,78,52,78,52,81,4,False,79.0,123.0,0.6422764227642277,1
438,Infernape,Fire,Fighting,76,104,71,104,71,108,4,False,136.0,149.0,0.912751677852349,1
439,Piplup,Water,,53,51,53,61,56,40,4,False,20.0,140.0,0.14285714285714285,1
440,Prinplup,Water,,64,66,68,81,76,50,4,False,33.0,131.0,0.25190839694656486,1
441,Empoleon,Water,Steel,84,86,88,111,101,60,4,False,57.0,123.0,0.4634146341463415,1
442,Starly,Normal,Flying,40,55,30,30,30,60,4,False,54.0,124.0,0.43548387096774194,1
443,Staravia,Normal,Flying,55,75,50,40,40,80,4,False,75.0,119.0,0.6302521008403361,1
444,Staraptor,Normal,Flying,85,120,70,50,60,100,4,False,113.0,136.0,0.8308823529411765,1
445,Bidoof,Normal,,59,45,40,35,40,31,4,False,19.0,133.0,0.14285714285714285,1
446,Bibarel,Normal,Water,79,85,60,55,60,71,4,False,84.0,139.0,0.60431654676259,1
447,Kricketot,Bug,,37,25,41,25,41,25,4,False,11.0,124.0,0.08870967741935484,1
448,Kricketune,Bug,,77,85,51,55,51,65,4,False,63.0,122.0,0.5163934426229508,1
449,Shinx,Electric,,45,65,34,40,34,45,4,False,36.0,139.0,0.2589928057553957,1
450,Luxio,Electric,,60,85,49,60,49,60,4,False,56.0,126.0,0.4444444444444444,1
451,Luxray,Electric,,80,120,79,95,79,70,4,False,77.0,132.0,0.5833333333333334,1
452,Budew,Grass,Poison,40,30,35,50,70,55,4,False,33.0,117.0,0.28205128205128205,1
453,Roserade,Grass,Poison,60,70,65,125,105,90,4,False,94.0,136.0,0.6911764705882353,1
454,Cranidos,Rock,,67,125,40,30,30,58,4,False,35.0,102.0,0.3431372549019608,1
455,Rampardos,Rock,,97,165,60,65,50,58,4,False,48.0,123.0,0.3902439024390244,1
456,Shieldon,Rock,Steel,30,42,118,42,88,30,4,False,14.0,125.0,0.112,1
457,Bastiodon,Rock,Steel,60,52,168,47,138,30,4,False,24.0,121.0,0.19834710743801653,1
458,Burmy,Bug,,40,29,45,29,45,36,4,False,18.0,123.0,0.14634146341463414,1
459,Wormadam Plant Cloak,Bug,Grass,60,59,85,79,105,36,4,False,21.0,126.0,0.16666666666666666,1
460,Wormadam Sandy Cloak,Bug,Ground,60,79,105,59,85,36,4,False,22.0,129.0,0.17054263565891473,1
461,Wormadam Trash Cloak,Bug,Steel,60,69,95,69,95,36,4,False,36.0,138.0,0.2608695652173913,1
462,Mothim,Bug,Flying,70,94,50,94,50,66,4,False,65.0,135.0,0.48148148148148145,1
463,Combee,Bug,Flying,30,30,42,30,42,70,4,False,55.0,130.0,0.4230769230769231,1
464,Vespiquen,Bug,Flying,70,80,102,80,102,40,4,False,34.0,127.0,0.2677165354330709,1
465,Pachirisu,Electric,,60,45,70,45,90,95,4,False,103.0,141.0,0.7304964539007093,1
466,Buizel,Water,,55,65,35,60,30,85,4,False,68.0,111.0,0.6126126126126126,1
467,Floatzel,Water,,85,105,55,85,50,115,4,False,112.0,124.0,0.9032258064516129,1
468,Cherubi,Grass,,45,35,45,62,53,35,4,False,16.0,135.0,0.11851851851851852,1
469,Cherrim,Grass,,70,60,70,87,78,85,4,False,71.0,114.0,0.6228070175438597,1
470,Shellos,Water,,76,48,48,57,62,34,4,False,18.0,154.0,0.11688311688311688,1
471,Gastrodon,Water,Ground,111,83,68,92,82,39,4,False,22.0,124.0,0.1774193548387097,1
472,Ambipom,Normal,,75,100,66,60,66,115,4,False,102.0,111.0,0.918918918918919,1
473,Drifloon,Ghost,Flying,90,50,34,60,44,70,4,False,71.0,113.0,0.6283185840707964,1
474,Drifblim,Ghost,Flying,150,80,44,90,54,80,4,False,80.0,128.0,0.625,1
475,Buneary,Normal,,55,66,44,44,56,85,4,False,93.0,135.0,0.6888888888888889,1
476,Lopunny,Normal,,65,76,84,54,96,105,4,False,109.0,121.0,0.9008264462809917,1
477,Mega Lopunny,Normal,Fighting,65,136,94,54,96,135,4,False,124.0,129.0,0.9612403100775194,1
478,Mismagius,Ghost,,60,60,60,105,105,105,4,False,106.0,125.0,0.848,1
479,Honchkrow,Dark,Flying,100,125,52,105,52,71,4,False,,,,1
480,Glameow,Normal,,49,55,42,42,37,85,4,False,71.0,117.0,0.6068376068376068,1
481,Purugly,Normal,,71,82,64,64,59,112,4,False,111.0,119.0,0.9327731092436975,1
482,Chingling,Psychic,,45,30,50,65,50,45,4,False,17.0,123.0,0.13821138211382114,1
483,Stunky,Poison,Dark,63,63,47,41,41,74,4,False,70.0,125.0,0.56,1
484,Skuntank,Poison,Dark,103,93,67,71,61,84,4,False,85.0,119.0,0.7142857142857143,1
485,Bronzor,Steel,Psychic,57,24,86,24,86,23,4,False,14.0,110.0,0.12727272727272726,1
486,Bronzong,Steel,Psychic,67,89,116,79,116,33,4,False,37.0,141.0,0.2624113475177305,1
487,Bonsly,Rock,,50,80,95,10,45,10,4,False,29.0,125.0,0.232,1
488,Mime Jr.,Psychic,Fairy,20,25,45,70,90,60,4,False,37.0,120.0,0.30833333333333335,1
489,Happiny,Normal,,100,5,5,15,65,30,4,False,8.0,104.0,0.07692307692307693,1
490,Chatot,Normal,Flying,76,65,45,92,42,91,4,False,111.0,149.0,0.7449664429530202,1
491,Spiritomb,Ghost,Dark,50,92,108,92,108,35,4,False,29.0,118.0,0.2457627118644068,1
492,Gible,Dragon,Ground,58,70,45,40,45,42,4,False,35.0,135.0,0.25925925925925924,1
493,Gabite,Dragon,Ground,68,90,65,50,55,82,4,False,82.0,133.0,0.6165413533834586,1
494,Garchomp,Dragon,Ground,108,130,95,80,85,102,4,False,97.0,127.0,0.7637795275590551,1
495,Mega Garchomp,Dragon,Ground,108,170,115,120,95,92,4,False,85.0,120.0,0.7083333333333334,1
496,Munchlax,Normal,,135,85,40,40,85,5,4,False,81.0,118.0,0.6864406779661016,1
497,Riolu,Fighting,,40,70,40,35,40,60,4,False,49.0,125.0,0.392,1
498,Lucario,Fighting,Steel,70,110,70,115,70,90,4,False,90.0,120.0,0.75,1
499,Mega Lucario,Fighting,Steel,70,145,88,140,70,112,4,False,96.0,108.0,0.8888888888888888,1
500,Hippopotas,Ground,,68,72,78,38,42,32,4,False,30.0,126.0,0.23809523809523808,1
501,Hippowdon,Ground,,108,112,118,68,72,47,4,False,35.0,120.0,0.2916666666666667,1
502,Skorupi,Poison,Bug,40,50,90,30,55,65,4,False,63.0,141.0,0.44680851063829785,1
503,Drapion,Poison,Dark,70,90,110,60,75,95,4,False,88.0,120.0,0.7333333333333333,1
504,Croagunk,Poison,Fighting,48,61,40,61,40,50,4,False,29.0,114.0,0.2543859649122807,1
505,Toxicroak,Poison,Fighting,83,106,65,86,65,85,4,False,85.0,128.0,0.6640625,1
506,Carnivine,Grass,,74,100,72,90,72,46,4,False,28.0,114.0,0.24561403508771928,1
507,Finneon,Water,,49,49,56,49,61,66,4,False,68.0,131.0,0.5190839694656488,1
508,Lumineon,Water,,69,69,76,69,86,91,4,False,78.0,119.0,0.6554621848739496,1
509,Mantyke,Water,Flying,45,20,50,60,120,50,4,False,26.0,108.0,0.24074074074074073,1
510,Snover,Grass,Ice,60,62,50,62,60,40,4,False,22.0,121.0,0.18181818181818182,1
511,Abomasnow,Grass,Ice,90,92,75,92,85,60,4,False,60.0,121.0,0.49586776859504134,1
512,Mega Abomasnow,Grass,Ice,90,132,105,132,105,30,4,False,62.0,146.0,0.4246575342465753,1
513,Weavile,Dark,Ice,70,120,65,45,85,125,4,False,116.0,119.0,0.9747899159663865,1
514,Magnezone,Electric,Steel,70,70,115,130,90,60,4,False,63.0,118.0,0.5338983050847458,1
515,Lickilicky,Normal,,110,85,95,80,95,50,4,False,35.0,129.0,0.2713178294573643,1
516,Rhyperior,Ground,Rock,115,140,130,55,55,40,4,False,47.0,104.0,0.4519230769230769,1
517,Tangrowth,Grass,,100,100,125,110,50,50,4,False,48.0,125.0,0.384,1
518,Electivire,Electric,,75,123,67,95,85,95,4,False,94.0,123.0,0.7642276422764228,1
519,Magmortar,Fire,,75,95,67,125,95,83,4,False,79.0,111.0,0.7117117117117117,1
520,Togekiss,Fairy,Flying,85,50,95,120,115,80,4,False,73.0,126.0,0.5793650793650794,1
521,Yanmega,Bug,Flying,86,76,86,116,56,95,4,False,91.0,114.0,0.7982456140350878,1
522,Leafeon,Grass,,65,110,130,60,65,95,4,False,125.0,151.0,0.8278145695364238,1
523,Glaceon,Ice,,65,60,110,130,95,65,4,False,64.0,134.0,0.47761194029850745,1
524,Gliscor,Ground,Flying,75,95,125,45,75,95,4,False,109.0,132.0,0.8257575757575758,1
525,Mamoswine,Ice,Ground,110,130,80,70,60,80,4,False,68.0,116.0,0.5862068965517241,1
526,Porygon-Z,Normal,,85,80,70,135,75,90,4,False,103.0,147.0,0.7006802721088435,1
527,Gallade,Psychic,Fighting,68,125,65,65,115,80,4,False,86.0,137.0,0.6277372262773723,1
528,Mega Gallade,Psychic,Fighting,68,165,95,65,115,110,4,False,112.0,130.0,0.8615384615384616,1
529,Probopass,Rock,Steel,60,55,145,75,150,40,4,False,26.0,130.0,0.2,1
530,Dusknoir,Ghost,,45,100,135,65,135,45,4,False,40.0,136.0,0.29411764705882354,1
531,Froslass,Ice,Ghost,70,80,70,80,70,110,4,False,91.0,138.0,0.6594202898550725,1
532,Rotom,Electric,Ghost,50,50,77,95,77,91,4,False,71.0,120.0,0.5916666666666667,1
533,Heat Rotom,Electric,Fire,50,65,107,105,107,86,4,False,79.0,113.0,0.6991150442477876,1
534,Wash Rotom,Electric,Water,50,65,107,105,107,86,4,False,90.0,116.0,0.7758620689655172,1
535,Frost Rotom,Electric,Ice,50,65,107,105,107,86,4,False,90.0,128.0,0.703125,1
536,Fan Rotom,Electric,Flying,50,65,107,105,107,86,4,False,88.0,121.0,0.7272727272727273,1
537,Mow Rotom,Electric,Grass,50,65,107,105,107,86,4,False,98.0,134.0,0.7313432835820896,1
538,Uxie,Psychic,,75,75,130,75,130,95,4,True,92.0,123.0,0.7479674796747967,1
539,Mesprit,Psychic,,80,105,105,105,105,80,4,True,79.0,133.0,0.5939849624060151,1
540,Azelf,Psychic,,75,125,70,125,70,115,4,True,122.0,135.0,0.9037037037037037,1
541,Dialga,Steel,Dragon,100,120,120,150,100,90,4,True,119.0,151.0,0.7880794701986755,1
542,Palkia,Water,Dragon,90,120,100,150,120,100,4,True,115.0,149.0,0.7718120805369127,1
543,Heatran,Fire,Steel,91,90,106,130,106,77,4,True,85.0,131.0,0.648854961832061,1
544,Regigigas,Normal,,110,160,110,80,110,100,4,True,122.0,142.0,0.8591549295774648,1
545,Giratina Altered Forme,Ghost,Dragon,150,100,120,100,120,90,4,True,74.0,111.0,0.6666666666666666,1
546,Giratina Origin Forme,Ghost,Dragon,150,120,100,120,100,90,4,True,89.0,134.0,0.664179104477612,1
547,Cresselia,Psychic,,120,70,120,75,130,85,4,False,79.0,118.0,0.6694915254237288,1
548,Phione,Water,,80,80,80,80,80,80,4,False,74.0,132.0,0.5606060606060606,1
549,Manaphy,Water,,100,100,100,100,100,100,4,False,118.0,134.0,0.8805970149253731,1
550,Darkrai,Dark,,70,90,90,135,90,125,4,True,110.0,117.0,0.9401709401709402,1
551,Shaymin Land Forme,Grass,,100,100,100,100,100,100,4,True,117.0,136.0,0.8602941176470589,1
552,Shaymin Sky Forme,Grass,Flying,100,103,75,120,75,127,4,True,111.0,118.0,0.940677966101695,1
553,Arceus,Normal,,120,120,120,120,120,120,4,True,114.0,122.0,0.9344262295081968,1
554,Victini,Psychic,Fire,100,100,100,100,100,100,5,True,115.0,131.0,0.8778625954198473,1
555,Snivy,Grass,,45,45,55,45,55,63,5,False,51.0,111.0,0.4594594594594595,1
556,Servine,Grass,,60,60,75,60,75,83,5,False,,,,1
557,Serperior,Grass,,75,75,95,75,95,113,5,False,119.0,132.0,0.9015151515151515,1
558,Tepig,Fire,,65,63,45,45,45,45,5,False,34.0,131.0,0.2595419847328244,1
559,Pignite,Fire,Fighting,90,93,55,70,55,55,5,False,55.0,144.0,0.3819444444444444,1
560,Emboar,Fire,Fighting,110,123,65,100,65,65,5,False,72.0,138.0,0.5217391304347826,1
561,Oshawott,Water,,55,55,45,63,45,45,5,False,31.0,124.0,0.25,1
562,Dewott,Water,,75,75,60,83,60,60,5,False,48.0,122.0,0.39344262295081966,1
563,Samurott,Water,,95,100,85,108,70,70,5,False,65.0,115.0,0.5652173913043478,1
564,Patrat,Normal,,45,55,39,35,39,42,5,False,25.0,135.0,0.18518518518518517,1
565,Watchog,Normal,,60,85,69,60,69,77,5,False,69.0,133.0,0.518796992481203,1
566,Lillipup,Normal,,45,60,45,25,45,55,5,False,29.0,100.0,0.29,1
567,Herdier,Normal,,65,80,65,35,65,60,5,False,53.0,138.0,0.38405797101449274,1
568,Stoutland,Normal,,85,110,90,45,90,80,5,False,72.0,116.0,0.6206896551724138,1
569,Purrloin,Dark,,41,50,37,50,37,66,5,False,59.0,114.0,0.5175438596491229,1
570,Liepard,Dark,,64,88,50,88,50,106,5,False,123.0,135.0,0.9111111111111111,1
571,Pansage,Grass,,50,53,48,53,48,64,5,False,53.0,130.0,0.4076923076923077,1
572,Simisage,Grass,,75,98,63,98,63,101,5,False,106.0,131.0,0.8091603053435115,1
573,Pansear,Fire,,50,53,48,53,48,64,5,False,60.0,130.0,0.46153846153846156,1
574,Simisear,Fire,,75,98,63,98,63,101,5,False,113.0,127.0,0.889763779527559,1
575,Panpour,Water,,50,53,48,53,48,64,5,False,42.0,117.0,0.358974358974359,1
576,Simipour,Water,,75,98,63,98,63,101,5,False,113.0,133.0,0.849624060150376,1
577,Munna,Psychic,,76,25,45,67,55,24,5,False,5.0,128.0,0.0390625,1
578,Musharna,Psychic,,116,55,85,107,95,29,5,False,9.0,132.0,0.06818181818181818,1
579,Pidove,Normal,Flying,50,55,50,36,30,43,5,False,45.0,154.0,0.2922077922077922,1
580,Tranquill,Normal,Flying,62,77,62,50,42,65,5,False,60.0,124.0,0.4838709677419355,1
581,Unfezant,Normal,Flying,80,115,80,65,55,93,5,False,102.0,130.0,0.7846153846153846,1
582,Blitzle,Electric,,45,60,32,50,32,76,5,False,80.0,135.0,0.5925925925925926,1
583,Zebstrika,Electric,,75,100,63,80,63,116,5,False,100.0,107.0,0.9345794392523364,1
584,Roggenrola,Rock,,55,75,85,25,25,15,5,False,27.0,144.0,0.1875,1
585,Boldore,Rock,,70,105,105,50,40,20,5,False,44.0,131.0,0.33587786259541985,1
586,Gigalith,Rock,,85,135,130,60,80,25,5,False,60.0,148.0,0.40540540540540543,1
587,Woobat,Psychic,Flying,55,45,43,55,43,72,5,False,72.0,123.0,0.5853658536585366,1
588,Swoobat,Psychic,Flying,67,57,55,77,55,114,5,False,103.0,116.0,0.8879310344827587,1
589,Drilbur,Ground,,60,85,40,30,45,68,5,False,70.0,109.0,0.6422018348623854,1
590,Excadrill,Ground,Steel,110,135,60,50,65,88,5,False,103.0,133.0,0.7744360902255639,1
591,Audino,Normal,,103,60,86,60,86,50,5,False,46.0,133.0,0.3458646616541353,1
592,Mega Audino,Normal,Fairy,103,60,126,80,126,50,5,False,48.0,132.0,0.36363636363636365,1
593,Timburr,Fighting,,75,80,55,25,35,35,5,False,28.0,150.0,0.18666666666666668,1
594,Gurdurr,Fighting,,85,105,85,40,50,40,5,False,25.0,118.0,0.211864406779661,1
595,Conkeldurr,Fighting,,105,140,95,55,65,45,5,False,39.0,130.0,0.3,1
596,Tympole,Water,,50,50,40,50,40,64,5,False,62.0,136.0,0.45588235294117646,1
597,Palpitoad,Water,Ground,75,65,55,65,55,69,5,False,54.0,124.0,0.43548387096774194,1
598,Seismitoad,Water,Ground,105,95,75,85,75,74,5,False,68.0,119.0,0.5714285714285714,1
599,Throh,Fighting,,120,100,85,30,85,45,5,False,33.0,147.0,0.22448979591836735,1
600,Sawk,Fighting,,75,125,75,30,75,85,5,False,85.0,136.0,0.625,1
601,Sewaddle,Bug,Grass,45,53,70,40,60,42,5,False,35.0,136.0,0.25735294117647056,1
602,Swadloon,Bug,Grass,55,63,90,50,80,42,5,False,26.0,123.0,0.21138211382113822,1
603,Leavanny,Bug,Grass,75,103,80,70,80,92,5,False,96.0,121.0,0.7933884297520661,1
604,Venipede,Bug,Poison,30,45,59,30,39,57,5,False,37.0,132.0,0.2803030303030303,1
605,Whirlipede,Bug,Poison,40,55,99,40,79,47,5,False,26.0,99.0,0.26262626262626265,1
606,Scolipede,Bug,Poison,60,100,89,55,69,112,5,False,106.0,114.0,0.9298245614035088,1
607,Cottonee,Grass,Fairy,40,27,60,37,50,66,5,False,46.0,127.0,0.36220472440944884,1
608,Whimsicott,Grass,Fairy,60,67,85,77,75,116,5,False,104.0,117.0,0.8888888888888888,1
609,Petilil,Grass,,45,35,50,70,50,30,5,False,23.0,146.0,0.15753424657534246,1
610,Lilligant,Grass,,70,60,75,110,75,90,5,False,91.0,127.0,0.7165354330708661,1
611,Basculin,Water,,70,92,65,80,55,98,5,False,89.0,110.0,0.8090909090909091,1
612,Sandile,Ground,Dark,50,72,35,35,35,65,5,False,72.0,134.0,0.5373134328358209,1
613,Krokorok,Ground,Dark,60,82,45,45,45,74,5,False,65.0,113.0,0.5752212389380531,1
614,Krookodile,Ground,Dark,95,117,80,65,70,92,5,False,111.0,132.0,0.8409090909090909,1
615,Darumaka,Fire,,70,90,45,15,45,50,5,False,45.0,124.0,0.3629032258064516,1
616,Darmanitan Standard Mode,Fire,,105,140,55,30,55,95,5,False,109.0,133.0,0.8195488721804511,1
617,Darmanitan Zen Mode,Fire,Psychic,105,30,105,140,105,55,5,False,43.0,122.0,0.3524590163934426,1
618,Maractus,Grass,,75,86,67,106,67,60,5,False,,,,1
619,Dwebble,Bug,Rock,50,65,85,35,35,55,5,False,43.0,132.0,0.32575757575757575,1
620,Crustle,Bug,Rock,70,95,125,65,75,45,5,False,40.0,119.0,0.33613445378151263,1
621,Scraggy,Dark,Fighting,50,75,70,35,70,48,5,False,32.0,109.0,0.29357798165137616,1
622,Scrafty,Dark,Fighting,65,90,115,45,115,58,5,False,61.0,121.0,0.5041322314049587,1
623,Sigilyph,Psychic,Flying,72,58,80,103,80,97,5,False,109.0,152.0,0.7171052631578947,1
624,Yamask,Ghost,,38,30,85,55,65,30,5,False,27.0,126.0,0.21428571428571427,1
625,Cofagrigus,Ghost,,58,50,145,95,105,30,5,False,30.0,122.0,0.2459016393442623,1
626,Tirtouga,Water,Rock,54,78,103,53,45,22,5,False,30.0,129.0,0.23255813953488372,1
627,Carracosta,Water,Rock,74,108,133,83,65,32,5,False,45.0,140.0,0.32142857142857145,1
628,Archen,Rock,Flying,55,112,45,74,45,70,5,False,66.0,118.0,0.559322033898305,1
629,Archeops,Rock,Flying,75,140,65,112,65,110,5,False,117.0,128.0,0.9140625,1
630,Trubbish,Poison,,50,50,62,40,62,65,5,False,49.0,117.0,0.4188034188034188,1
631,Garbodor,Poison,,80,95,82,60,82,75,5,False,87.0,145.0,0.6,1
632,Zorua,Dark,,40,65,40,80,40,65,5,False,66.0,131.0,0.5038167938931297,1
633,Zoroark,Dark,,60,105,60,120,60,105,5,False,100.0,113.0,0.8849557522123894,1
634,Minccino,Normal,,55,50,40,40,40,75,5,False,88.0,148.0,0.5945945945945946,1
635,Cinccino,Normal,,75,95,60,65,60,115,5,False,115.0,131.0,0.8778625954198473,1
636,Gothita,Psychic,,45,30,50,55,65,45,5,False,26.0,125.0,0.208,1
637,Gothorita,Psychic,,60,45,70,75,85,55,5,False,37.0,123.0,0.3008130081300813,1
638,Gothitelle,Psychic,,70,55,95,95,110,65,5,False,65.0,133.0,0.48872180451127817,1
639,Solosis,Psychic,,45,30,40,105,50,20,5,False,4.0,129.0,0.031007751937984496,1
640,Duosion,Psychic,,65,40,50,125,60,30,5,False,9.0,124.0,0.07258064516129033,1
641,Reuniclus,Psychic,,110,65,75,125,85,30,5,False,18.0,120.0,0.15,1
642,Ducklett,Water,Flying,62,44,50,44,50,55,5,False,45.0,124.0,0.3629032258064516,1
643,Swanna,Water,Flying,75,87,63,87,63,98,5,False,103.0,119.0,0.865546218487395,1
644,Vanillite,Ice,,36,50,50,65,60,44,5,False,18.0,110.0,0.16363636363636364,1
645,Vanillish,Ice,,51,65,65,80,75,59,5,False,55.0,126.0,0.4365079365079365,1
646,Vanilluxe,Ice,,71,95,85,110,95,79,5,False,83.0,125.0,0.664,1
647,Deerling,Normal,Grass,60,60,50,40,50,75,5,False,70.0,119.0,0.5882352941176471,1
648,Sawsbuck,Normal,Grass,80,100,70,60,70,95,5,False,89.0,120.0,0.7416666666666667,1
649,Emolga,Electric,Flying,55,75,60,75,60,103,5,False,91.0,114.0,0.7982456140350878,1
650,Karrablast,Bug,,50,75,45,40,45,60,5,False,53.0,121.0,0.4380165289256198,1
651,Escavalier,Bug,Steel,70,135,105,60,105,20,5,False,72.0,124.0,0.5806451612903226,1
652,Foongus,Grass,Poison,69,55,45,55,55,15,5,False,14.0,120.0,0.11666666666666667,1
653,Amoonguss,Grass,Poison,114,85,70,85,80,30,5,False,25.0,121.0,0.2066115702479339,1
654,Frillish,Water,Ghost,55,40,50,65,85,40,5,False,42.0,132.0,0.3181818181818182,1
655,Jellicent,Water,Ghost,100,60,70,85,105,60,5,False,,,,1
656,Alomomola,Water,,165,75,80,40,45,65,5,False,68.0,132.0,0.5151515151515151,1
657,Joltik,Bug,Electric,50,47,50,57,50,65,5,False,64.0,138.0,0.463768115942029,1
658,Galvantula,Bug,Electric,70,77,60,97,60,108,5,False,115.0,137.0,0.8394160583941606,1
659,Ferroseed,Grass,Steel,44,50,91,24,86,10,5,False,22.0,111.0,0.1981981981981982,1
660,Ferrothorn,Grass,Steel,74,94,131,54,116,20,5,False,61.0,136.0,0.4485294117647059,1
661,Klink,Steel,,40,55,70,45,60,30,5,False,12.0,113.0,0.10619469026548672,1
662,Klang,Steel,,60,80,95,70,85,50,5,False,27.0,121.0,0.2231404958677686,1
663,Klinklang,Steel,,60,100,115,70,85,90,5,False,99.0,131.0,0.7557251908396947,1
664,Tynamo,Electric,,35,55,40,45,40,60,5,False,45.0,126.0,0.35714285714285715,1
665,Eelektrik,Electric,,65,85,70,75,70,40,5,False,26.0,128.0,0.203125,1
666,Eelektross,Electric,,85,115,80,105,80,50,5,False,34.0,111.0,0.3063063063063063,1
667,Elgyem,Psychic,,55,55,55,85,55,30,5,False,21.0,159.0,0.1320754716981132,1
668,Beheeyem,Psychic,,75,75,75,125,95,40,5,False,21.0,134.0,0.15671641791044777,1
669,Litwick,Ghost,Fire,50,30,55,65,55,20,5,False,16.0,117.0,0.13675213675213677,1
670,Lampent,Ghost,Fire,60,40,60,95,60,55,5,False,57.0,135.0,0.4222222222222222,1
671,Chandelure,Ghost,Fire,60,55,90,145,90,80,5,False,68.0,112.0,0.6071428571428571,1
672,Axew,Dragon,,46,87,60,30,40,57,5,False,51.0,135.0,0.37777777777777777,1
673,Fraxure,Dragon,,66,117,70,40,50,67,5,False,59.0,129.0,0.4573643410852713,1
674,Haxorus,Dragon,,76,147,90,60,70,97,5,False,105.0,127.0,0.8267716535433071,1
675,Cubchoo,Ice,,55,70,40,60,40,40,5,False,31.0,115.0,0.26956521739130435,1
676,Beartic,Ice,,95,110,80,70,80,50,5,False,48.0,129.0,0.37209302325581395,1
677,Cryogonal,Ice,,70,50,30,95,135,105,5,False,119.0,148.0,0.8040540540540541,1
678,Shelmet,Bug,,50,40,85,40,65,25,5,False,11.0,124.0,0.08870967741935484,1
679,Accelgor,Bug,,80,70,40,100,60,145,5,False,118.0,128.0,0.921875,1
680,Stunfisk,Ground,Electric,109,66,84,81,99,32,5,False,29.0,144.0,0.2013888888888889,1
681,Mienfoo,Fighting,,45,85,50,55,50,65,5,False,66.0,130.0,0.5076923076923077,1
682,Mienshao,Fighting,,65,125,60,95,60,105,5,False,121.0,131.0,0.9236641221374046,1
683,Druddigon,Dragon,,77,120,90,60,90,48,5,False,39.0,140.0,0.2785714285714286,1
684,Golett,Ground,Ghost,59,74,50,35,50,35,5,False,40.0,128.0,0.3125,1
685,Golurk,Ground,Ghost,89,124,80,55,80,55,5,False,72.0,126.0,0.5714285714285714,1
686,Pawniard,Dark,Steel,45,85,70,40,40,60,5,False,57.0,109.0,0.5229357798165137,1
687,Bisharp,Dark,Steel,65,125,100,60,70,70,5,False,86.0,141.0,0.6099290780141844,1
688,Bouffalant,Normal,,95,110,95,40,95,55,5,False,48.0,119.0,0.40336134453781514,1
689,Rufflet,Normal,Flying,70,83,50,37,50,60,5,False,41.0,122.0,0.3360655737704918,1
690,Braviary,Normal,Flying,100,123,75,57,75,80,5,False,108.0,156.0,0.6923076923076923,1
691,Vullaby,Dark,Flying,70,55,75,45,65,60,5,False,56.0,122.0,0.45901639344262296,1
692,Mandibuzz,Dark,Flying,110,65,105,55,95,80,5,False,92.0,147.0,0.6258503401360545,1
693,Heatmor,Fire,,85,97,66,105,66,65,5,False,57.0,121.0,0.47107438016528924,1
694,Durant,Bug,Steel,58,109,112,48,48,109,5,False,118.0,134.0,0.8805970149253731,1
695,Deino,Dark,Dragon,52,65,50,45,50,38,5,False,34.0,124.0,0.27419354838709675,1
696,Zweilous,Dark,Dragon,72,85,70,65,70,58,5,False,57.0,138.0,0.41304347826086957,1
697,Hydreigon,Dark,Dragon,92,105,90,125,90,98,5,False,106.0,129.0,0.8217054263565892,1
698,Larvesta,Bug,Fire,55,85,55,50,55,60,5,False,58.0,137.0,0.4233576642335766,1
699,Volcarona,Bug,Fire,85,60,65,135,105,100,5,False,103.0,137.0,0.7518248175182481,1
700,Cobalion,Steel,Fighting,91,90,129,90,72,108,5,True,117.0,128.0,0.9140625,1
701,Terrakion,Rock,Fighting,91,129,90,72,90,108,5,True,105.0,123.0,0.8536585365853658,1
702,Virizion,Grass,Fighting,91,90,72,90,129,108,5,True,112.0,125.0,0.896,1
703,Tornadus Incarnate Forme,Flying,,79,115,70,125,80,111,5,True,94.0,111.0,0.8468468468468469,1
704,Tornadus Therian Forme,Flying,,79,100,80,110,90,121,5,True,121.0,125.0,0.968,1
705,Thundurus Incarnate Forme,Electric,Flying,79,115,70,125,80,111,5,True,108.0,125.0,0.864,1
706,Thundurus Therian Forme,Electric,Flying,79,105,70,145,80,101,5,True,99.0,115.0,0.8608695652173913,1
707,Reshiram,Dragon,Fire,100,120,100,150,120,90,5,True,91.0,125.0,0.728,1
708,Zekrom,Dragon,Electric,100,150,120,120,100,90,5,True,100.0,154.0,0.6493506493506493,1
709,Landorus Incarnate Forme,Ground,Flying,89,125,90,115,80,101,5,True,89.0,102.0,0.8725490196078431,1
710,Landorus Therian Forme,Ground,Flying,89,145,90,105,80,91,5,True,112.0,131.0,0.8549618320610687,1
711,Kyurem,Dragon,Ice,125,130,90,130,90,95,5,True,99.0,128.0,0.7734375,1
712,Kyurem Black Kyurem,Dragon,Ice,125,170,100,120,90,95,5,True,77.0,100.0,0.77,1
713,Kyurem White Kyurem,Dragon,Ice,125,120,90,170,100,95,5,True,100.0,128.0,0.78125,1
714,Keldeo Ordinary Forme,Water,Fighting,91,72,90,129,90,108,5,False,100.0,116.0,0.8620689655172413,1
715,Keldeo Resolute Forme,Water,Fighting,91,72,90,129,90,108,5,False,108.0,121.0,0.8925619834710744,1
716,Meloetta Aria Forme,Normal,Psychic,100,77,77,128,128,90,5,False,98.0,142.0,0.6901408450704225,1
717,Meloetta Pirouette Forme,Normal,Fighting,100,128,90,77,77,128,5,False,118.0,123.0,0.959349593495935,1
718,Genesect,Bug,Steel,71,120,95,120,95,99,5,False,105.0,128.0,0.8203125,1
719,Chespin,Grass,,56,61,65,48,45,38,6,False,26.0,148.0,0.17567567567567569,1
720,Quilladin,Grass,,61,78,95,56,58,57,6,False,48.0,119.0,0.40336134453781514,1
721,Chesnaught,Grass,Fighting,88,107,122,74,75,64,6,False,57.0,124.0,0.4596774193548387,1
722,Fennekin,Fire,,40,45,40,62,60,60,6,False,41.0,121.0,0.33884297520661155,1
723,Braixen,Fire,,59,59,58,90,70,73,6,False,67.0,115.0,0.5826086956521739,1
724,Delphox,Fire,Psychic,75,69,72,114,100,104,6,False,104.0,126.0,0.8253968253968254,1
725,Froakie,Water,,41,56,40,62,44,71,6,False,71.0,125.0,0.568,1
726,Frogadier,Water,,54,63,52,83,56,97,6,False,107.0,139.0,0.7697841726618705,1
727,Greninja,Water,Dark,72,95,67,103,71,122,6,False,122.0,127.0,0.9606299212598425,1
728,Bunnelby,Normal,,38,36,38,32,36,57,6,False,44.0,113.0,0.3893805309734513,1
729,Diggersby,Normal,Ground,85,56,77,50,77,78,6,False,68.0,128.0,0.53125,1
730,Fletchling,Normal,Flying,45,50,43,40,38,62,6,False,55.0,136.0,0.40441176470588236,1
731,Fletchinder,Fire,Flying,62,73,55,56,52,84,6,False,92.0,127.0,0.7244094488188977,1
732,Talonflame,Fire,Flying,78,81,71,74,69,126,6,False,120.0,132.0,0.9090909090909091,1
733,Scatterbug,Bug,,38,35,40,27,25,35,6,False,11.0,134.0,0.08208955223880597,1
734,Spewpa,Bug,,45,22,60,27,30,29,6,False,10.0,133.0,0.07518796992481203,1
735,Vivillon,Bug,Flying,80,52,50,90,50,89,6,False,80.0,120.0,0.6666666666666666,1
736,Litleo,Fire,Normal,62,50,58,73,54,72,6,False,55.0,124.0,0.4435483870967742,1
737,Pyroar,Fire,Normal,86,68,72,109,66,106,6,False,98.0,121.0,0.8099173553719008,1
738,Flabébé,Fairy,,44,38,39,61,79,42,6,False,34.0,151.0,0.2251655629139073,1
739,Floette,Fairy,,54,45,47,75,98,52,6,False,48.0,121.0,0.39669421487603307,1
740,Florges,Fairy,,78,65,68,112,154,75,6,False,76.0,121.0,0.628099173553719,1
741,Skiddo,Grass,,66,65,48,62,57,52,6,False,46.0,127.0,0.36220472440944884,1
742,Gogoat,Grass,,123,100,62,97,81,68,6,False,62.0,129.0,0.4806201550387597,1
743,Pancham,Fighting,,67,82,62,46,48,43,6,False,26.0,118.0,0.22033898305084745,1
744,Pangoro,Fighting,Dark,95,124,78,69,71,58,6,False,46.0,123.0,0.37398373983739835,1
745,Furfrou,Normal,,75,80,60,65,90,102,6,False,113.0,131.0,0.8625954198473282,1
746,Espurr,Psychic,,62,48,54,63,60,68,6,False,58.0,112.0,0.5178571428571429,1
747,Meowstic Male,Psychic,,74,48,76,83,81,104,6,False,91.0,115.0,0.7913043478260869,1
748,Meowstic Female,Psychic,,74,48,76,83,81,104,6,False,93.0,127.0,0.7322834645669292,1
749,Honedge,Steel,Ghost,45,80,100,35,37,28,6,False,35.0,112.0,0.3125,1
750,Doublade,Steel,Ghost,59,110,150,45,49,35,6,False,44.0,132.0,0.3333333333333333,1
751,Aegislash Blade Forme,Steel,Ghost,60,150,50,150,50,60,6,False,64.0,128.0,0.5,1
752,Aegislash Shield Forme,Steel,Ghost,60,50,150,50,150,60,6,False,63.0,121.0,0.5206611570247934,1
753,Spritzee,Fairy,,78,52,60,63,65,23,6,False,8.0,133.0,0.06015037593984962,1
754,Aromatisse,Fairy,,101,72,72,99,89,29,6,False,25.0,129.0,0.1937984496124031,1
755,Swirlix,Fairy,,62,48,66,59,57,49,6,False,41.0,121.0,0.33884297520661155,1
756,Slurpuff,Fairy,,82,80,86,85,75,72,6,False,81.0,131.0,0.6183206106870229,1
757,Inkay,Dark,Psychic,53,54,53,37,46,45,6,False,34.0,110.0,0.3090909090909091,1
758,Malamar,Dark,Psychic,86,92,88,68,75,73,6,False,108.0,158.0,0.6835443037974683,1
759,Binacle,Rock,Water,42,52,67,39,56,50,6,False,37.0,129.0,0.2868217054263566,1
760,Barbaracle,Rock,Water,72,105,115,54,86,68,6,False,69.0,134.0,0.5149253731343284,1
761,Skrelp,Poison,Water,50,60,60,60,60,30,6,False,14.0,124.0,0.11290322580645161,1
762,Dragalge,Poison,Dragon,65,75,90,97,123,44,6,False,31.0,156.0,0.1987179487179487,1
763,Clauncher,Water,,50,53,62,58,63,44,6,False,17.0,124.0,0.13709677419354838,1
764,Clawitzer,Water,,71,73,88,120,89,59,6,False,64.0,147.0,0.43537414965986393,1
765,Helioptile,Electric,Normal,44,38,33,61,43,70,6,False,59.0,112.0,0.5267857142857143,1
766,Heliolisk,Electric,Normal,62,55,52,109,94,109,6,False,94.0,120.0,0.7833333333333333,1
767,Tyrunt,Rock,Dragon,58,89,77,45,45,48,6,False,34.0,107.0,0.3177570093457944,1
768,Tyrantrum,Rock,Dragon,82,121,119,69,59,71,6,False,82.0,152.0,0.5394736842105263,1
769,Amaura,Rock,Ice,77,59,50,67,63,46,6,False,28.0,121.0,0.23140495867768596,1
770,Aurorus,Rock,Ice,123,77,72,99,92,58,6,False,61.0,132.0,0.4621212121212121,1
771,Sylveon,Fairy,,95,65,65,110,130,60,6,False,49.0,122.0,0.4016393442622951,1
772,Hawlucha,Fighting,Flying,78,92,75,74,63,118,6,False,107.0,121.0,0.8842975206611571,1
773,Dedenne,Electric,Fairy,67,58,57,81,67,101,6,False,109.0,124.0,0.8790322580645161,1
774,Carbink,Rock,Fairy,50,50,150,50,150,50,6,False,36.0,140.0,0.2571428571428571,1
775,Goomy,Dragon,,45,50,35,55,75,40,6,False,25.0,117.0,0.21367521367521367,1
776,Sliggoo,Dragon,,68,75,53,83,113,60,6,False,59.0,130.0,0.45384615384615384,1
777,Goodra,Dragon,,90,100,70,110,150,80,6,False,64.0,106.0,0.6037735849056604,1
778,Klefki,Steel,Fairy,57,80,91,80,87,75,6,False,70.0,122.0,0.5737704918032787,1
779,Phantump,Ghost,Grass,43,70,48,50,60,38,6,False,33.0,138.0,0.2391304347826087,1
780,Trevenant,Ghost,Grass,85,110,76,65,82,56,6,False,59.0,150.0,0.3933333333333333,1
781,Pumpkaboo Average Size,Ghost,Grass,49,66,70,44,55,51,6,False,49.0,115.0,0.4260869565217391,1
782,Pumpkaboo Small Size,Ghost,Grass,44,66,70,44,55,56,6,False,,,,1
783,Pumpkaboo Large Size,Ghost,Grass,54,66,70,44,55,46,6,False,51.0,121.0,0.4214876033057851,1
784,Pumpkaboo Super Size,Ghost,Grass,59,66,70,44,55,41,6,False,33.0,131.0,0.25190839694656486,1
785,Gourgeist Average Size,Ghost,Grass,65,90,122,58,75,84,6,False,92.0,128.0,0.71875,1
786,Gourgeist Small Size,Ghost,Grass,55,85,122,58,75,99,6,False,98.0,121.0,0.8099173553719008,1
787,Gourgeist Large Size,Ghost,Grass,75,95,122,58,75,69,6,False,71.0,124.0,0.5725806451612904,1
788,Gourgeist Super Size,Ghost,Grass,85,100,122,58,75,54,6,False,52.0,132.0,0.3939393939393939,1
789,Bergmite,Ice,,55,69,85,32,35,28,6,False,12.0,129.0,0.09302325581395349,1
790,Avalugg,Ice,,95,117,184,44,46,28,6,False,36.0,121.0,0.2975206611570248,1
791,Noibat,Flying,Dragon,40,30,35,45,40,55,6,False,40.0,127.0,0.31496062992125984,1
792,Noivern,Flying,Dragon,85,70,80,97,80,123,6,False,107.0,115.0,0.9304347826086956,1
793,Xerneas,Fairy,,126,131,95,131,98,99,6,True,107.0,129.0,0.8294573643410853,1
794,Yveltal,Dark,Flying,126,131,95,131,98,99,6,True,111.0,137.0,0.8102189781021898,1
795,Zygarde Half Forme,Dragon,Ground,108,100,121,81,95,95,6,True,80.0,107.0,0.7476635514018691,1
796,Diancie,Rock,Fairy,50,100,150,100,150,50,6,True,39.0,105.0,0.37142857142857144,1
797,Mega Diancie,Rock,Fairy,50,160,110,160,110,110,6,True,116.0,131.0,0.8854961832061069,1
798,Hoopa Confined,Psychic,Ghost,80,110,60,150,130,70,6,True,60.0,119.0,0.5042016806722689,1
799,Hoopa Unbound,Psychic,Dark,80,160,60,170,130,80,6,True,89.0,144.0,0.6180555555555556,1
800,Volcanion,Fire,Water,80,110,120,130,90,70,6,True,75.0,121.0,0.6198347107438017,1
